{
  "bp": {
    "source_accuracy": 0.9773,
    "pretrain_history": {
      "train_loss": [
        0.21647571257925205,
        0.09936560693977357,
        0.06737577906280541,
        0.05760204175921298,
        0.046334309130640225
      ],
      "test_acc": [
        0.9651,
        0.9671,
        0.9735,
        0.971,
        0.9773
      ]
    },
    "transfer_accuracy": 0.7318999767303467,
    "transfer_history": {
      "train_loss": [
        0.9203325477935104,
        0.8117757855193701,
        0.7863836691959072,
        0.7654272206048213,
        0.7554900015849294,
        0.7492450958630169,
        0.740051166239832,
        0.74892918911697,
        0.7349150739371904,
        0.7327217194380791
      ],
      "test_acc": [
        0.7110999822616577,
        0.7077999711036682,
        0.732699990272522,
        0.7275000214576721,
        0.6972000002861023,
        0.7458000183105469,
        0.711899995803833,
        0.7376000285148621,
        0.7318000197410583,
        0.7318999767303467
      ]
    }
  },
  "ff_original": {
    "source_accuracy": 0.5675,
    "pretrain_history": {
      "train_loss": [
        Infinity,
        3.1849530488570363,
        3.1077150106747777,
        3.104912047764894,
        3.0254170394846116
      ],
      "test_acc": [
        0.6325,
        0.6903,
        0.6492,
        0.6454,
        0.5675
      ]
    },
    "transfer_accuracy": 0.1347000002861023,
    "transfer_history": {
      "train_loss": [
        2.244594389441679,
        2.23724235527551,
        2.2370662246939976,
        2.2368681184264387,
        2.2368343247533606,
        2.2366762740779786,
        2.2364687701023973,
        2.236397081346654,
        2.236398004773837,
        2.2361928468574086
      ],
      "test_acc": [
        0.133200004696846,
        0.13420000672340393,
        0.13420000672340393,
        0.12860000133514404,
        0.13449999690055847,
        0.13490000367164612,
        0.1339000016450882,
        0.13330000638961792,
        0.1354999989271164,
        0.1347000002861023
      ]
    },
    "cka_vs_bp": 0.02621483989059925
  },
  "ff_collab_all": {
    "source_accuracy": 0.4812,
    "pretrain_history": {
      "train_loss": [
        Infinity,
        2.4447257639502666,
        2.260621371553905,
        2.1943111663052774,
        2.147634031485393
      ],
      "test_acc": [
        0.6212,
        0.514,
        0.483,
        0.4793,
        0.4812
      ]
    },
    "transfer_accuracy": 0.10000000149011612,
    "transfer_history": {
      "train_loss": [
        2.303631324503722,
        2.303352935990291,
        2.303611563721191,
        2.303599001756355,
        2.303626844623704,
        2.3036808174556254,
        2.303578088278455,
        2.3034625744768804,
        2.3035402209011475,
        2.3034857773323303
      ],
      "test_acc": [
        0.10000000149011612,
        0.10000000149011612,
        0.10000000149011612,
        0.10000000149011612,
        0.10000000149011612,
        0.10000000149011612,
        0.10000000149011612,
        0.10000000149011612,
        0.10000000149011612,
        0.10000000149011612
      ]
    },
    "cka_vs_bp": NaN
  },
  "ff_collab_prev": {
    "source_accuracy": 0.565,
    "pretrain_history": {
      "train_loss": [
        Infinity,
        2.3207887647502714,
        2.0916466553772946,
        1.9950951720351604,
        1.9327908438850823
      ],
      "test_acc": [
        0.7138,
        0.6962,
        0.6319,
        0.6281,
        0.565
      ]
    },
    "transfer_accuracy": 0.10209999978542328,
    "transfer_history": {
      "train_loss": [
        2.3036193529934264,
        2.303318564825729,
        2.3035550966445824,
        2.3035202847360803,
        2.303525987210304,
        2.3035581963402882,
        2.3034338239413588,
        2.3032964818767394,
        2.3033525997133397,
        2.3032766847468134
      ],
      "test_acc": [
        0.10000000149011612,
        0.10000000149011612,
        0.10000000149011612,
        0.10209999978542328,
        0.10000000149011612,
        0.10000000149011612,
        0.10000000149011612,
        0.10170000046491623,
        0.10000000149011612,
        0.10209999978542328
      ]
    }
  },
  "random": {
    "transfer_accuracy": 0.8059999942779541,
    "transfer_history": {
      "train_loss": [
        1.2702736287101755,
        0.7810014146668062,
        0.6784739343405787,
        0.6279674079626608,
        0.5969069054894356,
        0.5752382842081187,
        0.5591653908874943,
        0.5461042609804475,
        0.5360476604021435,
        0.5270932503918341
      ],
      "test_acc": [
        0.7240999937057495,
        0.7577000260353088,
        0.7735000252723694,
        0.779699981212616,
        0.7838000059127808,
        0.7918999791145325,
        0.7961000204086304,
        0.7961000204086304,
        0.8004999756813049,
        0.8059999942779541
      ]
    }
  },
  "config": {
    "source_dataset": "mnist",
    "target_dataset": "fashion_mnist",
    "hidden_sizes": [
      500,
      500,
      500
    ],
    "threshold": 2.0,
    "pretrain_epochs": 5,
    "transfer_epochs": 10,
    "batch_size": 64,
    "lr_ff": 0.03,
    "lr_bp": 0.001,
    "lr_finetune": 0.001,
    "lr_head": 0.01,
    "seed": 42,
    "device": "mps",
    "num_workers": 4,
    "results_dir": "./results/transfer"
  },
  "timestamp": "2026-02-05T09:44:34.103520"
}